-- phpMyAdmin SQL Dump
-- version 4.2.12deb2+deb8u6
-- http://www.phpmyadmin.net
--
-- Servidor: srvdmysql3i.santafe.gov.ar
-- Tiempo de generación: 29-06-2020 a las 11:25:40
-- Versión del servidor: 5.5.53-0+deb8u1-log
-- Versión de PHP: 5.6.40-0+deb8u7

SET SQL_MODE = "NO_AUTO_VALUE_ON_ZERO";
SET time_zone = "+00:00";


/*!40101 SET @OLD_CHARACTER_SET_CLIENT=@@CHARACTER_SET_CLIENT */;
/*!40101 SET @OLD_CHARACTER_SET_RESULTS=@@CHARACTER_SET_RESULTS */;
/*!40101 SET @OLD_COLLATION_CONNECTION=@@COLLATION_CONNECTION */;
/*!40101 SET NAMES utf8 */;

--
-- Base de datos: `mprod_cazapesca`
--

-- --------------------------------------------------------

--
-- Estructura de tabla para la tabla `atributo_configuracion`
--

CREATE TABLE IF NOT EXISTS `atributo_configuracion` (
`id` int(11) NOT NULL,
  `clave` varchar(255) COLLATE utf8_unicode_ci NOT NULL,
  `valor` text COLLATE utf8_unicode_ci NOT NULL,
  `created_at` datetime NOT NULL,
  `updated_at` datetime DEFAULT NULL,
  `fecha_baja` datetime DEFAULT NULL
) ENGINE=InnoDB AUTO_INCREMENT=3 DEFAULT CHARSET=utf8 COLLATE=utf8_unicode_ci;

--
-- Volcado de datos para la tabla `atributo_configuracion`
--

INSERT INTO `atributo_configuracion` (`id`, `clave`, `valor`, `created_at`, `updated_at`, `fecha_baja`) VALUES
(1, 'licencia_texto_terminoycondiciones', 'Lorem ipsum dolor sit amet, consectetur adipiscing elit, sed do eiusmod tempor incididunt ut labore et dolore magna aliqua. Ut enim ad minim veniam, quis nostrud exercitation ullamco laboris nisi ut aliquip ex ea commodo consequat. Duis aute irure dolor in reprehenderit in voluptate velit esse cillum dolore eu fugiat nulla pariatur. Excepteur sint occaecat cupidatat non proident, sunt in culpa qui officia deserunt mollit anim id est laborum.', '2019-05-07 00:00:00', '2019-05-16 09:01:58', NULL),
(2, 'licencia_texto_ayudageneral', 'Al generar la licencia usted es responsable de conocer la normativa que regula la actividad en la provincia de Santa Fe.', '2019-05-07 10:49:01', '2019-05-07 10:54:05', NULL);

-- --------------------------------------------------------

--
-- Estructura de tabla para la tabla `comprobante`
--

CREATE TABLE IF NOT EXISTS `comprobante` (
`id` int(11) NOT NULL,
  `monto` double NOT NULL,
  `recargo_segundo_vencimiento` double DEFAULT NULL,
  `recargo_primer_vencimiento` double DEFAULT NULL,
  `cliente_sap` varchar(255) COLLATE utf8_unicode_ci NOT NULL,
  `letra_servicio` varchar(255) COLLATE utf8_unicode_ci NOT NULL,
  `rendicion_numero` varchar(255) COLLATE utf8_unicode_ci DEFAULT NULL,
  `fecha_cobro` date DEFAULT NULL,
  `primer_vencimiento` datetime DEFAULT NULL,
  `segundo_vencimiento` datetime DEFAULT NULL,
  `numero_codigo_barra` varchar(255) COLLATE utf8_unicode_ci DEFAULT NULL,
  `created_at` datetime NOT NULL,
  `file_rendicion_liquidacion_id` int(11) DEFAULT NULL
) ENGINE=InnoDB AUTO_INCREMENT=58 DEFAULT CHARSET=utf8 COLLATE=utf8_unicode_ci;

--
-- Volcado de datos para la tabla `comprobante`
--

INSERT INTO `comprobante` (`id`, `monto`, `recargo_segundo_vencimiento`, `recargo_primer_vencimiento`, `cliente_sap`, `letra_servicio`, `rendicion_numero`, `fecha_cobro`, `primer_vencimiento`, `segundo_vencimiento`, `numero_codigo_barra`, `created_at`, `file_rendicion_liquidacion_id`) VALUES
(1, 400, NULL, NULL, '15964', 'A', NULL, '2018-10-17', NULL, NULL, '15964A0000400000001000000000300000000100000000011', '2019-04-23 12:53:20', 1),
(2, 300, NULL, NULL, '15964', 'A', NULL, '2018-10-16', NULL, NULL, '15964A000030000000700000000100000000200000000022', '2019-04-23 12:57:21', 1),
(3, 400, NULL, NULL, '15964', 'A', NULL, '2018-10-16', NULL, NULL, '15964A0000400000001000000000300000000300000000033', '2019-04-23 13:43:20', 1),
(4, 300, NULL, NULL, '15964', 'A', NULL, '2018-10-16', NULL, NULL, '15964A000030000000700000000100000000400000000044', '2019-04-23 13:45:13', 1),
(5, 400, NULL, NULL, '15964', 'A', NULL, '2018-10-10', NULL, NULL, '15964A0000400000001000000000300000000500000000055', '2019-04-23 14:36:11', 1),
(6, 400, NULL, NULL, '15964', 'A', NULL, '2018-10-16', NULL, NULL, '15964A0000400000001000000000300000000600000000066', '2019-04-24 09:57:51', 1),
(7, 500, NULL, NULL, '15964', 'A', NULL, '2018-10-16', NULL, NULL, '15964A000050000000800000000200000000700000000077', '2019-04-24 12:04:58', 1),
(8, 400, NULL, NULL, '15964', 'A', NULL, '2018-10-16', NULL, NULL, '15964A000040000000500000000300000000800000000088', '2019-04-25 08:54:45', 1),
(9, 300, NULL, NULL, '15964', 'A', NULL, '2018-10-17', NULL, NULL, '15964A000030000000200000000100000000900000000099', '2019-04-26 09:27:17', 1),
(10, 200, NULL, NULL, '15964', 'A', NULL, '2018-10-17', NULL, NULL, '15964A000020000000900000000400000001000000000103', '2019-04-26 09:30:38', 1),
(11, 300, NULL, NULL, '15964', 'A', NULL, '2018-10-17', NULL, NULL, '15964A000030000000200000000100000001100000000114', '2019-04-26 10:55:27', 1),
(12, 500, NULL, NULL, '15964', 'A', NULL, '2018-10-17', NULL, NULL, '15964A000050000000800000000200000001200000000125', '2019-04-26 11:00:25', 1),
(13, 500, NULL, NULL, '15964', 'A', NULL, '2018-10-17', NULL, NULL, '15964A000050000000800000000200000001300000000136', '2019-04-26 13:23:31', 1),
(14, 300, NULL, NULL, '15964', 'A', NULL, '2018-10-17', '2014-01-01 00:00:00', '2014-01-01 00:00:00', '15964A000030000000200000000100000001400000000147', '2019-04-29 14:50:00', 1),
(16, 500, NULL, NULL, '15964', 'A', NULL, '2018-10-17', NULL, NULL, '15964A000050000000800000000200000001500000000169', '2019-05-02 14:34:38', 1),
(17, 500, NULL, NULL, '15964', 'A', NULL, '2018-10-17', NULL, NULL, '15964A0000500000008000000002000000016000000001710', '2019-05-06 13:02:09', 1),
(18, 500, NULL, NULL, '15964', 'A', NULL, '2018-10-17', NULL, NULL, '15964A000050000000800000000200000001700000000181', '2019-05-06 13:02:55', 1),
(19, 300, NULL, NULL, '15964', 'A', NULL, '2018-10-17', NULL, NULL, '15964A000030000000200000000100000001800000000192', '2019-05-07 10:37:56', 1),
(20, 300, NULL, NULL, '15964', 'A', NULL, '2018-10-17', NULL, NULL, '15964A000030000000200000000100000001900000000206', '2019-05-14 15:11:01', 1),
(21, 500, NULL, NULL, '15964', 'A', NULL, NULL, NULL, NULL, '15964A000050000000800000000200000002000000000217', '2019-05-20 10:49:19', NULL),
(23, 500, NULL, NULL, '15964', 'A', NULL, NULL, NULL, NULL, '15964A000050000000800000000200000002100000000239', '2019-05-20 11:47:08', NULL),
(24, 200, NULL, NULL, '15964', 'A', NULL, NULL, NULL, NULL, '15964A0000200000009000000004000000022000000002410', '2019-05-20 00:00:00', NULL),
(25, 300, NULL, NULL, '15964', 'A', NULL, NULL, NULL, NULL, '15964A000030000000200000000100000002300000000251', '2019-05-20 11:56:51', NULL),
(26, 0, NULL, NULL, '15964', 'A', NULL, NULL, NULL, NULL, '15964A000000000000300000000800000002400000000262', '2019-05-20 12:11:15', NULL),
(27, 400, NULL, NULL, '15964', 'A', NULL, NULL, NULL, NULL, '15964A000040000000500000000300000002500000000273', '2019-05-21 06:21:10', NULL),
(28, 200, NULL, NULL, '15964', 'A', NULL, NULL, NULL, NULL, '15964A000020000000900000000400000002600000000284', '2019-05-21 06:26:25', NULL),
(29, 200, NULL, NULL, '15964', 'A', NULL, NULL, NULL, NULL, '15964A000020000000900000000400000002700000000295', '2019-05-21 06:28:33', NULL),
(30, 400, NULL, NULL, '15964', 'A', NULL, NULL, NULL, NULL, '15964A000040000000500000000300000002800000000309', '2019-05-21 06:56:19', NULL),
(31, 500, NULL, NULL, '15964', 'A', NULL, NULL, NULL, NULL, '15964A0000500000008000000002000000029000000003110', '2019-05-21 06:57:36', NULL),
(32, 500, NULL, NULL, '15964', 'A', NULL, NULL, NULL, NULL, '15964A000050000000800000000200000003000000000321', '2019-05-21 10:33:06', NULL),
(33, 500, NULL, NULL, '15964', 'A', NULL, NULL, NULL, NULL, '15964A000050000000800000000200000003100000000332', '2019-05-21 10:39:20', NULL),
(34, 500, NULL, NULL, '15964', 'A', NULL, NULL, NULL, NULL, NULL, '2019-05-21 10:42:13', NULL),
(35, 500, NULL, NULL, '15964', 'A', NULL, NULL, NULL, NULL, '15964A000050000000800000000200000003300000000354', '2019-05-21 10:43:19', NULL),
(36, 0, NULL, NULL, '15964', 'A', NULL, NULL, NULL, NULL, '15964A000000000000300000000800000003400000000365', '2019-05-21 11:12:30', NULL),
(37, 500, NULL, NULL, '15964', 'A', NULL, NULL, NULL, NULL, '15964A000050000000800000000200000003500000000376', '2019-05-21 11:26:27', NULL),
(38, 300, NULL, NULL, '15964', 'A', NULL, NULL, NULL, NULL, '15964A000030000000200000000100000003600000000387', '2019-05-21 11:33:15', NULL),
(39, 300, NULL, NULL, '15964', 'A', NULL, NULL, NULL, NULL, '15964A000030000000200000000100000003700000000398', '2019-05-21 11:40:05', NULL),
(40, 300, NULL, NULL, '15964', 'A', NULL, NULL, NULL, NULL, '15964A000030000000200000000100000003800000000402', '2019-05-23 09:03:40', NULL),
(41, 500, NULL, NULL, '15964', 'A', NULL, NULL, NULL, NULL, '15964A000050000000800000000200000003900000000413', '2019-05-23 09:24:11', NULL),
(42, 300, NULL, NULL, '15964', 'A', NULL, NULL, NULL, NULL, '1596465000030000000500000000100000004000000000424', '2019-05-23 10:18:36', NULL),
(43, 300, NULL, NULL, '15964', 'A', NULL, NULL, NULL, NULL, '15964A000030000000500000000100000004100000000435', '2019-05-23 10:30:44', NULL),
(44, 500, NULL, NULL, '15964', 'A', NULL, NULL, NULL, NULL, '15964A000050000000700000000200000004200000000446', '2019-05-23 10:37:34', NULL),
(45, 500, NULL, NULL, '15964', 'A', NULL, NULL, NULL, NULL, '15964A000050000000700000000200000004300000000459', '2019-05-23 13:54:44', NULL),
(46, 500, NULL, NULL, '15964', 'A', NULL, NULL, NULL, NULL, '15964A000050000000700000000200000004400000000466', '2019-05-24 08:25:03', NULL),
(47, 300, NULL, NULL, '15964', 'A', NULL, NULL, NULL, NULL, NULL, '2019-05-24 11:07:50', NULL),
(48, 300, NULL, NULL, '15964', 'A', NULL, NULL, NULL, NULL, '15964A0000300193644000000001000000046000000004810', '2019-05-24 11:08:31', NULL),
(49, 500, NULL, NULL, '15964', 'A', NULL, NULL, NULL, NULL, '15964A000050019364600000000200000004700000000497', '2019-05-24 12:11:57', NULL),
(50, 300, NULL, NULL, '15964', 'A', NULL, NULL, NULL, NULL, NULL, '2019-05-24 12:31:01', NULL),
(51, 300, NULL, NULL, '15964', 'A', NULL, NULL, NULL, NULL, '15964A000030019364400000000100000004900000000512', '2019-05-24 12:31:26', NULL),
(52, 400, NULL, NULL, '15964', 'A', NULL, NULL, NULL, NULL, '15964A000040019180700000000300000005000000000529', '2019-05-24 12:34:52', NULL),
(53, 200, NULL, NULL, '15964', 'A', NULL, NULL, NULL, NULL, '15964A000020019364300000000400000005100000000536', '2019-05-27 13:57:11', NULL),
(54, 200, NULL, NULL, '15964', 'A', NULL, NULL, NULL, NULL, '15964A000020019364300000000400000005200000000543', '2019-05-28 14:49:53', NULL),
(55, 300, NULL, NULL, '15964', 'A', NULL, NULL, NULL, NULL, '15964A0000300190007000000001000000053000000005510', '2020-02-12 07:53:38', NULL),
(56, 400, NULL, NULL, '15964', 'A', NULL, NULL, NULL, NULL, '15964A000040019184900000000300000005400000000567', '2020-02-13 12:01:26', NULL),
(57, 400, NULL, NULL, '15964', 'A', NULL, NULL, NULL, NULL, '15964A000040020181400000000300000005500000000574', '2020-02-19 12:05:34', NULL);

-- --------------------------------------------------------

--
-- Estructura de tabla para la tabla `file_rendicion_liquidacion`
--

CREATE TABLE IF NOT EXISTS `file_rendicion_liquidacion` (
`id` int(11) NOT NULL,
  `nombre_archivo` varchar(255) COLLATE utf8_unicode_ci DEFAULT NULL,
  `archivo` varchar(255) COLLATE utf8_unicode_ci DEFAULT NULL,
  `extension` varchar(255) COLLATE utf8_unicode_ci DEFAULT NULL,
  `size` varchar(255) COLLATE utf8_unicode_ci DEFAULT NULL,
  `nombre_original_archivo` varchar(255) COLLATE utf8_unicode_ci DEFAULT NULL,
  `full_path` varchar(255) COLLATE utf8_unicode_ci DEFAULT NULL,
  `mime_type` varchar(100) COLLATE utf8_unicode_ci DEFAULT NULL,
  `guess_client_extension` varchar(100) COLLATE utf8_unicode_ci DEFAULT NULL,
  `created_at` datetime DEFAULT NULL,
  `updated_at` datetime DEFAULT NULL,
  `fecha_baja` datetime DEFAULT NULL,
  `procesado` tinyint(1) NOT NULL
) ENGINE=InnoDB AUTO_INCREMENT=2 DEFAULT CHARSET=utf8 COLLATE=utf8_unicode_ci;

--
-- Volcado de datos para la tabla `file_rendicion_liquidacion`
--

INSERT INTO `file_rendicion_liquidacion` (`id`, `nombre_archivo`, `archivo`, `extension`, `size`, `nombre_original_archivo`, `full_path`, `mime_type`, `guess_client_extension`, `created_at`, `updated_at`, `fecha_baja`, `procesado`) VALUES
(1, 'phpCtbruT', '83f7c2a18d0fd234c172b0b19959d6305c70415a.csv', 'csv', '1463', 'RE13997COPICREM180009120181030165636-TEST.csv', '/home/abrusut/Documentos/symfony/licenciaCyP/app/../web/uploads/files/83f7c2a18d0fd234c172b0b19959d6305c70415a.csv', 'text/csv', 'csv', '2019-05-16 14:01:32', NULL, NULL, 1);

-- --------------------------------------------------------

--
-- Estructura de tabla para la tabla `licencia`
--

CREATE TABLE IF NOT EXISTS `licencia` (
`id` int(11) NOT NULL,
  `tipo_licencia_id` int(11) DEFAULT NULL,
  `persona_id` int(11) DEFAULT NULL,
  `comprobante_id` int(11) DEFAULT NULL,
  `fecha_emitida` datetime NOT NULL,
  `fecha_desde` datetime DEFAULT NULL,
  `fecha_vencimiento` datetime NOT NULL,
  `numero` varchar(255) COLLATE utf8_unicode_ci DEFAULT NULL
) ENGINE=InnoDB AUTO_INCREMENT=56 DEFAULT CHARSET=utf8 COLLATE=utf8_unicode_ci;

--
-- Volcado de datos para la tabla `licencia`
--

INSERT INTO `licencia` (`id`, `tipo_licencia_id`, `persona_id`, `comprobante_id`, `fecha_emitida`, `fecha_desde`, `fecha_vencimiento`, `numero`) VALUES
(1, 3, 1, 1, '2019-04-23 12:53:20', '2019-04-23 00:00:00', '2019-04-30 12:53:20', NULL),
(2, 1, 1, 2, '2019-04-23 12:57:21', '2019-04-23 00:00:00', '2019-12-31 00:00:00', NULL),
(3, 3, 1, 3, '2019-04-23 13:43:20', '2019-04-23 00:00:00', '2019-04-30 13:43:20', NULL),
(4, 1, 1, 4, '2019-04-23 13:45:13', '2019-04-23 00:00:00', '2019-12-31 00:00:00', NULL),
(5, 3, 2, 5, '2019-04-23 14:36:11', '2019-04-23 00:00:00', '2019-04-30 14:36:11', NULL),
(6, 3, 1, 6, '2019-04-24 09:57:51', '2019-04-29 00:00:00', '2019-05-06 09:57:51', NULL),
(7, 2, 1, 7, '2019-04-24 12:04:58', '2019-04-24 00:00:00', '2019-12-31 00:00:00', NULL),
(8, 3, 1, 8, '2019-04-25 08:54:45', '2019-12-28 00:00:00', '2020-01-04 08:54:45', NULL),
(9, 1, 2, 9, '2019-04-26 09:27:17', '2019-04-25 00:00:00', '2019-12-31 00:00:00', NULL),
(10, 4, 1, 10, '2019-04-26 09:30:38', '2019-04-26 00:00:00', '2019-05-03 09:30:38', NULL),
(11, 1, 1, 11, '2019-04-26 10:55:27', '2019-04-26 00:00:00', '2019-12-31 00:00:00', NULL),
(12, 2, 1, 12, '2019-04-26 11:00:25', '2019-04-26 00:00:00', '2019-12-31 00:00:00', NULL),
(13, 2, 1, 13, '2019-04-26 13:23:31', '2019-04-26 00:00:00', '2019-12-31 00:00:00', NULL),
(14, 1, 1, 14, '2019-04-29 14:50:30', '2019-04-29 00:00:00', '2019-12-31 00:00:00', NULL),
(15, 2, 1, 16, '2019-05-02 14:34:38', '2019-05-02 00:00:00', '2019-12-31 00:00:00', NULL),
(16, 2, 1, 17, '2019-05-06 13:02:09', '2019-05-06 00:00:00', '2019-12-31 00:00:00', NULL),
(17, 2, 1, 18, '2019-05-06 13:02:54', '2019-05-06 00:00:00', '2019-12-31 00:00:00', NULL),
(18, 1, 1, 19, '2019-05-07 10:37:56', '2019-05-07 00:00:00', '2019-12-31 00:00:00', NULL),
(19, 1, 1, 20, '2019-05-14 15:11:01', '2019-05-14 00:00:00', '2019-12-31 00:00:00', NULL),
(20, 2, 1, 21, '2019-05-20 10:49:19', '2019-05-20 00:00:00', '2019-12-31 00:00:00', NULL),
(21, 2, 1, 23, '2019-05-20 11:47:08', NULL, '2019-12-31 00:00:00', NULL),
(22, 4, 1, 24, '2019-05-20 11:47:57', '2019-05-31 00:00:00', '2019-06-07 11:47:57', NULL),
(23, 1, 1, 25, '2019-05-20 11:56:51', NULL, '2019-12-31 00:00:00', NULL),
(24, 8, 1, 26, '2019-05-20 12:11:15', NULL, '2019-12-31 00:00:00', NULL),
(25, 3, 1, 27, '2019-05-21 06:21:10', '2019-07-06 00:00:00', '2019-07-13 06:18:23', NULL),
(26, 4, 1, 28, '2019-05-21 06:26:25', '2019-07-01 00:00:00', '2019-07-08 06:26:14', NULL),
(27, 4, 1, 29, '2019-05-21 06:28:33', '2019-07-31 00:00:00', '2019-08-07 06:27:16', NULL),
(28, 3, 1, 30, '2019-05-21 06:56:19', '2019-07-07 00:00:00', '2019-06-30 10:43:30', NULL),
(29, 2, 1, 31, '2019-05-21 06:57:36', NULL, '2019-12-31 00:00:00', NULL),
(30, 2, 1, 32, '2019-05-21 10:33:06', NULL, '2019-12-31 00:00:00', NULL),
(31, 2, 1, 33, '2019-05-21 10:39:20', NULL, '2019-12-31 00:00:00', NULL),
(32, 2, 1, 34, '2019-05-21 10:42:13', NULL, '2019-12-31 00:00:00', NULL),
(33, 2, 1, 35, '2019-05-21 10:43:19', NULL, '2019-12-31 00:00:00', '132186010233'),
(34, 8, 1, 36, '2019-05-21 11:12:30', NULL, '2019-12-31 00:00:00', '132186010834'),
(35, 2, 1, 37, '2019-05-21 11:26:27', NULL, '2019-12-31 00:00:00', '132186010235'),
(36, 1, 1, 38, '2019-05-21 11:33:15', NULL, '2019-12-31 00:00:00', '132186010136'),
(37, 1, 1, 39, '2019-05-21 11:40:05', NULL, '2019-12-31 00:00:00', '132186010137'),
(38, 1, 1, 40, '2019-05-23 09:03:40', NULL, '2019-12-31 00:00:00', '132186010138'),
(39, 2, 1, 41, '2019-05-23 09:24:11', NULL, '2019-12-31 00:00:00', '132186010239'),
(40, 1, 1, 42, '2019-05-23 10:18:36', NULL, '2019-12-31 00:00:00', '132186010140'),
(41, 1, 1, 43, '2019-05-23 10:30:44', NULL, '2019-12-31 00:00:00', '132186010141'),
(42, 2, 1, 44, '2019-05-23 10:37:34', NULL, '2019-12-31 00:00:00', '132186010242'),
(43, 2, 1, 45, '2019-05-23 13:54:44', NULL, '2019-12-31 00:00:00', '132186010243'),
(44, 2, 1, 46, '2019-05-24 08:25:03', NULL, '2019-12-31 00:00:00', '132186010244'),
(45, 1, 1, 47, '2019-05-24 11:07:50', NULL, '2019-12-31 00:00:00', NULL),
(46, 1, 1, 48, '2019-05-24 11:08:31', NULL, '2019-12-31 00:00:00', '132186010146'),
(47, 2, 1, 49, '2019-05-24 12:11:57', NULL, '2019-12-31 00:00:00', '132186010247'),
(48, 1, 1, 50, '2019-05-24 12:31:01', NULL, '2019-12-31 00:00:00', NULL),
(49, 1, 1, 51, '2019-05-24 12:31:26', NULL, '2019-12-31 00:00:00', '132186010149'),
(50, 3, 1, 52, '2019-05-24 12:34:52', '2019-05-24 00:00:00', '2019-05-31 12:34:52', '132186010350'),
(51, 4, 1, 53, '2019-05-27 13:57:11', '2019-05-27 00:00:00', '2019-06-03 13:57:11', '132186010451'),
(52, 4, 1, 54, '2019-05-28 14:49:53', '2019-05-28 00:00:00', '2019-06-04 14:49:53', '132186010452'),
(53, 1, 1, 55, '2020-02-12 07:53:38', NULL, '2020-12-31 00:00:00', '132186010153'),
(54, 3, 5, 56, '2020-02-13 12:01:26', '2020-02-29 00:00:00', '2019-06-30 10:43:30', '133222111354'),
(55, 3, 1, 57, '2020-02-19 12:05:34', '2020-02-29 00:00:00', '2020-03-07 12:05:34', '132186010355');

-- --------------------------------------------------------

--
-- Estructura de tabla para la tabla `liquidacion`
--

CREATE TABLE IF NOT EXISTS `liquidacion` (
`id` int(11) NOT NULL,
  `file_rendicion_liquidacion_id` int(11) DEFAULT NULL,
  `nis` varchar(255) COLLATE utf8_unicode_ci DEFAULT NULL,
  `fecha_cobro` datetime NOT NULL,
  `codigo_barra_cliente` varchar(255) COLLATE utf8_unicode_ci NOT NULL,
  `numero_rendicion` varchar(255) COLLATE utf8_unicode_ci DEFAULT NULL,
  `importe_cobrado` double NOT NULL,
  `comision` double DEFAULT NULL,
  `created_at` datetime DEFAULT NULL COMMENT 'Tabla liquidacion',
  `updated_at` datetime DEFAULT NULL,
  `fecha_baja` datetime DEFAULT NULL
) ENGINE=InnoDB DEFAULT CHARSET=utf8 COLLATE=utf8_unicode_ci;

-- --------------------------------------------------------

--
-- Estructura de tabla para la tabla `localidad`
--

CREATE TABLE IF NOT EXISTS `localidad` (
`id` int(11) NOT NULL,
  `provincia_id` int(11) DEFAULT NULL,
  `l_distrito` varchar(3) COLLATE utf8_unicode_ci NOT NULL,
  `l_nom_dis` varchar(150) COLLATE utf8_unicode_ci NOT NULL,
  `l_departamento` varchar(3) COLLATE utf8_unicode_ci NOT NULL,
  `l_nom_dpto` varchar(150) COLLATE utf8_unicode_ci NOT NULL,
  `nodo` varchar(250) COLLATE utf8_unicode_ci NOT NULL
) ENGINE=InnoDB AUTO_INCREMENT=364 DEFAULT CHARSET=utf8 COLLATE=utf8_unicode_ci;

--
-- Volcado de datos para la tabla `localidad`
--

INSERT INTO `localidad` (`id`, `provincia_id`, `l_distrito`, `l_nom_dis`, `l_departamento`, `l_nom_dpto`, `nodo`) VALUES
(1, 20, '490', 'NICANOR MOLINAS', '49', 'GENERAL OBLIGADO', 'RECONQUISTA'),
(2, 20, '501', 'SALADERO CABAL', '35', 'GARAY', 'SANTA FE'),
(3, 20, '620', 'ARMSTRONG', '7', 'BELGRANO', 'ROSARIO'),
(4, 20, '621', 'BOUQUET', '7', 'BELGRANO', 'ROSARIO'),
(5, 20, '622', 'LAS PAREJAS', '7', 'BELGRANO', 'ROSARIO'),
(6, 20, '623', 'LAS ROSAS', '7', 'BELGRANO', 'ROSARIO'),
(7, 20, '624', 'MONTES DE OCA', '7', 'BELGRANO', 'ROSARIO'),
(8, 20, '625', 'TORTUGAS', '7', 'BELGRANO', 'ROSARIO'),
(9, 20, '627', 'AREQUITO', '14', 'CASEROS', 'ROSARIO'),
(10, 20, '628', 'ARTEAGA', '14', 'CASEROS', 'ROSARIO'),
(11, 20, '629', 'BERAVEBU', '14', 'CASEROS', 'VENADO TUERTO'),
(12, 20, '630', 'BIGAND', '14', 'CASEROS', 'ROSARIO'),
(13, 20, '631', 'CASILDA', '14', 'CASEROS', 'ROSARIO'),
(14, 20, '632', 'CHABAS', '14', 'CASEROS', 'ROSARIO'),
(15, 20, '633', 'CHAÑAR LADEADO', '14', 'CASEROS', 'VENADO TUERTO'),
(16, 20, '634', 'GODEKEN', '14', 'CASEROS', 'VENADO TUERTO'),
(17, 20, '635', 'LOS MOLINOS', '14', 'CASEROS', 'ROSARIO'),
(18, 20, '636', 'LOS QUIRQUINCHOS', '14', 'CASEROS', 'VENADO TUERTO'),
(19, 20, '637', 'SANFORD', '14', 'CASEROS', 'ROSARIO'),
(20, 20, '638', 'SAN JOSE DE LA ESQUINA', '14', 'CASEROS', 'ROSARIO'),
(21, 20, '639', 'VILLADA', '14', 'CASEROS', 'ROSARIO'),
(22, 20, '641', 'ANGELICA', '21', 'CASTELLANOS', 'RAFAELA'),
(23, 20, '642', 'ATALIVA', '21', 'CASTELLANOS', 'RAFAELA'),
(24, 20, '643', 'AURELIA', '21', 'CASTELLANOS', 'RAFAELA'),
(25, 20, '644', 'BAUER Y SIGEL', '21', 'CASTELLANOS', 'RAFAELA'),
(26, 20, '645', 'BELLA ITALIA', '21', 'CASTELLANOS', 'RAFAELA'),
(27, 20, '646', 'CASTELLANOS', '21', 'CASTELLANOS', 'RAFAELA'),
(28, 20, '647', 'COLONIA ALDAO', '21', 'CASTELLANOS', 'RAFAELA'),
(29, 20, '648', 'COLONIA BICHA', '21', 'CASTELLANOS', 'RAFAELA'),
(30, 20, '649', 'BIGAND', '21', 'CASTELLANOS', 'RAFAELA'),
(31, 20, '650', 'COLONIA CELLO', '21', 'CASTELLANOS', 'RAFAELA'),
(32, 20, '651', 'TACURAL', '21', 'CASTELLANOS', 'RAFAELA'),
(33, 20, '652', 'COLONIA ITURRASPE', '21', 'CASTELLANOS', 'RAFAELA'),
(34, 20, '653', 'COLONIA MARGARITA', '21', 'CASTELLANOS', 'RAFAELA'),
(35, 20, '654', 'COLONIA RAQUEL', '21', 'CASTELLANOS', 'RAFAELA'),
(36, 20, '655', 'TACURALES', '21', 'CASTELLANOS', 'RAFAELA'),
(37, 20, '656', 'CORONEL FRAGA', '21', 'CASTELLANOS', 'RAFAELA'),
(38, 20, '657', 'EGUSQUIZA', '21', 'CASTELLANOS', 'RAFAELA'),
(39, 20, '658', 'ESMERALDA', '21', 'CASTELLANOS', 'RAFAELA'),
(40, 20, '659', 'ESTACION CLUCELLAS', '21', 'CASTELLANOS', 'RAFAELA'),
(41, 20, '660', 'EUSEBIA Y CAROLINA', '21', 'CASTELLANOS', 'RAFAELA'),
(42, 20, '661', 'EUSTOLIA', '21', 'CASTELLANOS', 'RAFAELA'),
(43, 20, '662', 'FIDELA', '21', 'CASTELLANOS', 'RAFAELA'),
(44, 20, '663', 'FRONTERA', '21', 'CASTELLANOS', 'RAFAELA'),
(45, 20, '664', 'GALISTEO', '21', 'CASTELLANOS', 'RAFAELA'),
(46, 20, '665', 'GARIBALDI', '21', 'CASTELLANOS', 'RAFAELA'),
(47, 20, '666', 'HUGENTOBLER', '21', 'CASTELLANOS', 'RAFAELA'),
(48, 20, '667', 'HUMBERTO PRIMO', '21', 'CASTELLANOS', 'RAFAELA'),
(49, 20, '668', 'JOSEFINA', '21', 'CASTELLANOS', 'RAFAELA'),
(50, 20, '669', 'LEHMANN', '21', 'CASTELLANOS', 'RAFAELA'),
(51, 20, '670', 'MARIA JUANA', '21', 'CASTELLANOS', 'RAFAELA'),
(52, 20, '671', 'MAUA', '21', 'CASTELLANOS', 'RAFAELA'),
(53, 20, '672', 'PLAZA CLUCELLAS', '21', 'CASTELLANOS', 'RAFAELA'),
(54, 20, '673', 'PRESIDENTE ROCA', '21', 'CASTELLANOS', 'RAFAELA'),
(55, 20, '674', 'PUEBLO MARINI', '21', 'CASTELLANOS', 'RAFAELA'),
(56, 20, '675', 'RAFAELA', '21', 'CASTELLANOS', 'RAFAELA'),
(57, 20, '676', 'RAMONA', '21', 'CASTELLANOS', 'RAFAELA'),
(58, 20, '677', 'SAGUIER', '21', 'CASTELLANOS', 'RAFAELA'),
(59, 20, '678', 'SAN ANTONIO', '21', 'CASTELLANOS', 'RAFAELA'),
(60, 20, '679', 'SANTA CLARA DE SAGUIER', '21', 'CASTELLANOS', 'RAFAELA'),
(61, 20, '680', 'SAN VICENTE', '21', 'CASTELLANOS', 'RAFAELA'),
(62, 20, '681', 'SUNCHALES', '21', 'CASTELLANOS', 'RAFAELA'),
(63, 20, '682', 'SUSANA', '21', 'CASTELLANOS', 'RAFAELA'),
(64, 20, '683', 'VILA', '21', 'CASTELLANOS', 'RAFAELA'),
(65, 20, '684', 'VILLA SAN JOSE', '21', 'CASTELLANOS', 'RAFAELA'),
(66, 20, '685', 'VIRGINIA', '21', 'CASTELLANOS', 'RAFAELA'),
(67, 20, '686', 'ZENON PEREYRA', '21', 'CASTELLANOS', 'RAFAELA'),
(68, 20, '688', 'ALCORTA', '28', 'CONSTITUCION', 'ROSARIO'),
(69, 20, '689', 'BOMBAL', '28', 'CONSTITUCION', 'VENADO TUERTO'),
(70, 20, '690', 'CAÑADA RICA', '28', 'CONSTITUCION', 'ROSARIO'),
(71, 20, '691', 'CEPEDA', '28', 'CONSTITUCION', 'ROSARIO'),
(72, 20, '692', 'EMPALME VILLA CONSTITUCION', '28', 'CONSTITUCION', 'ROSARIO'),
(73, 20, '693', 'GENERAL GELLY', '28', 'CONSTITUCION', 'ROSARIO'),
(74, 20, '694', 'GODOY', '28', 'CONSTITUCION', 'ROSARIO'),
(75, 20, '695', 'JUAN B. MOLINA', '28', 'CONSTITUCION', 'ROSARIO'),
(76, 20, '696', 'JUNCAL', '28', 'CONSTITUCION', 'ROSARIO'),
(77, 20, '697', 'LA VANGUARDIA', '28', 'CONSTITUCION', 'ROSARIO'),
(78, 20, '698', 'MAXIMO PAZ', '28', 'CONSTITUCION', 'ROSARIO'),
(79, 20, '699', 'PAVON ARRIBA', '28', 'CONSTITUCION', 'ROSARIO'),
(80, 20, '700', 'PEYRANO', '28', 'CONSTITUCION', 'ROSARIO'),
(81, 20, '701', 'RUEDA', '28', 'CONSTITUCION', 'ROSARIO'),
(82, 20, '702', 'SANTA TERESA', '28', 'CONSTITUCION', 'ROSARIO'),
(83, 20, '703', 'SARGENTO CABRAL', '28', 'CONSTITUCION', 'ROSARIO'),
(84, 20, '704', 'THEOBALD', '28', 'CONSTITUCION', 'ROSARIO'),
(85, 20, '705', 'VILLA CONSTITUCION', '28', 'CONSTITUCION', 'ROSARIO'),
(86, 20, '706', 'PAVON', '28', 'CONSTITUCION', 'ROSARIO'),
(87, 20, '707', 'CAYASTA', '35', 'GARAY', 'SANTA FE'),
(88, 20, '708', 'HELVECIA', '35', 'GARAY', 'SANTA FE'),
(89, 20, '709', 'SANTA ROSA DE CALCHINES', '35', 'GARAY', 'SANTA FE'),
(90, 20, '710', 'COLONIA MASCIAS', '35', 'GARAY', 'SANTA FE'),
(91, 20, '711', 'AARON CASTELLANOS', '42', 'GENERAL LOPEZ', 'VENADO TUERTO'),
(92, 20, '712', 'AMENABAR', '42', 'GENERAL LOPEZ', 'VENADO TUERTO'),
(93, 20, '713', 'CAFFERATA', '42', 'GENERAL LOPEZ', 'VENADO TUERTO'),
(94, 20, '714', 'CAÑADA DEL UCLE', '42', 'GENERAL LOPEZ', 'VENADO TUERTO'),
(95, 20, '715', 'CARMEN', '42', 'GENERAL LOPEZ', 'VENADO TUERTO'),
(96, 20, '716', 'CARRERAS', '42', 'GENERAL LOPEZ', 'VENADO TUERTO'),
(97, 20, '717', 'CHAPUY', '42', 'GENERAL LOPEZ', 'VENADO TUERTO'),
(98, 20, '718', 'MURPHY', '42', 'GENERAL LOPEZ', 'VENADO TUERTO'),
(99, 20, '719', 'CHOVET', '42', 'GENERAL LOPEZ', 'VENADO TUERTO'),
(100, 20, '720', 'CHRISTOPHERSEN', '42', 'GENERAL LOPEZ', 'VENADO TUERTO'),
(101, 20, '721', 'DIEGO DE ALVEAR', '42', 'GENERAL LOPEZ', 'VENADO TUERTO'),
(102, 20, '722', 'ELORTONDO', '42', 'GENERAL LOPEZ', 'VENADO TUERTO'),
(103, 20, '723', 'FIRMAT', '42', 'GENERAL LOPEZ', 'VENADO TUERTO'),
(104, 20, '724', 'HUGHES', '42', 'GENERAL LOPEZ', 'VENADO TUERTO'),
(105, 20, '725', 'LABORDEBOY', '42', 'GENERAL LOPEZ', 'VENADO TUERTO'),
(106, 20, '726', 'LA CHISPA', '42', 'GENERAL LOPEZ', 'VENADO TUERTO'),
(107, 20, '727', 'LAZZARINO', '42', 'GENERAL LOPEZ', 'VENADO TUERTO'),
(108, 20, '728', 'MAGGIOLO', '42', 'GENERAL LOPEZ', 'VENADO TUERTO'),
(109, 20, '729', 'MARIA TERESA', '42', 'GENERAL LOPEZ', 'VENADO TUERTO'),
(110, 20, '730', 'MELINCUE', '42', 'GENERAL LOPEZ', 'VENADO TUERTO'),
(111, 20, '731', 'MIGUEL TORRES', '42', 'GENERAL LOPEZ', 'VENADO TUERTO'),
(112, 20, '732', 'RUFINO', '42', 'GENERAL LOPEZ', 'VENADO TUERTO'),
(113, 20, '733', 'SANCTI SPIRITU', '42', 'GENERAL LOPEZ', 'VENADO TUERTO'),
(114, 20, '734', 'SAN EDUARDO', '42', 'GENERAL LOPEZ', 'VENADO TUERTO'),
(115, 20, '735', 'SAN FRANCISCO DE SANTA FE', '42', 'GENERAL LOPEZ', 'VENADO TUERTO'),
(116, 20, '736', 'SAN GREGORIO', '42', 'GENERAL LOPEZ', 'VENADO TUERTO'),
(117, 20, '737', 'SANTA ISABEL', '42', 'GENERAL LOPEZ', 'VENADO TUERTO'),
(118, 20, '738', 'TEODELINA', '42', 'GENERAL LOPEZ', 'VENADO TUERTO'),
(119, 20, '739', 'VENADO TUERTO', '42', 'GENERAL LOPEZ', 'VENADO TUERTO'),
(120, 20, '740', 'VILLA CAÑAS', '42', 'GENERAL LOPEZ', 'VENADO TUERTO'),
(121, 20, '741', 'WHEELWRIGHT', '42', 'GENERAL LOPEZ', 'VENADO TUERTO'),
(122, 20, '742', 'GUADALUPE NORTE', '49', 'GENERAL OBLIGADO', 'RECONQUISTA'),
(123, 20, '743', 'AVELLANEDA', '49', 'GENERAL OBLIGADO', 'RECONQUISTA'),
(124, 20, '744', 'ARROYO CEIBAL', '49', 'GENERAL OBLIGADO', 'RECONQUISTA'),
(125, 20, '745', 'BERNA', '49', 'GENERAL OBLIGADO', 'RECONQUISTA'),
(126, 20, '746', 'MALABRIGO', '49', 'GENERAL OBLIGADO', 'RECONQUISTA'),
(127, 20, '747', 'FLORENCIA', '49', 'GENERAL OBLIGADO', 'RECONQUISTA'),
(128, 20, '748', 'GARABATO', '133', 'VERA', 'RECONQUISTA'),
(129, 20, '749', 'GOLONDRINA', '133', 'VERA', 'RECONQUISTA'),
(130, 20, '750', 'CAÑADA OMBU', '133', 'VERA', 'RECONQUISTA'),
(131, 20, '751', 'INGENIERO CHANOURDIE', '49', 'GENERAL OBLIGADO', 'RECONQUISTA'),
(132, 20, '752', 'INTIYACO', '133', 'VERA', 'RECONQUISTA'),
(133, 20, '753', 'LANTERI', '49', 'GENERAL OBLIGADO', 'RECONQUISTA'),
(134, 20, '754', 'LAS GARZAS', '49', 'GENERAL OBLIGADO', 'RECONQUISTA'),
(135, 20, '755', 'EL SOMBRERITO', '49', 'GENERAL OBLIGADO', 'RECONQUISTA'),
(136, 20, '756', 'LAS TOSCAS', '49', 'GENERAL OBLIGADO', 'RECONQUISTA'),
(137, 20, '757', 'EL RABON', '49', 'GENERAL OBLIGADO', 'RECONQUISTA'),
(138, 20, '758', 'LOS AMORES', '133', 'VERA', 'RECONQUISTA'),
(139, 20, '759', 'RECONQUISTA', '49', 'GENERAL OBLIGADO', 'RECONQUISTA'),
(140, 20, '760', 'LOS LAURELES', '49', 'GENERAL OBLIGADO', 'RECONQUISTA'),
(141, 20, '761', 'SAN ANTONIO DE OBLIGADO', '49', 'GENERAL OBLIGADO', 'RECONQUISTA'),
(142, 20, '762', 'TACUARENDI', '49', 'GENERAL OBLIGADO', 'RECONQUISTA'),
(143, 20, '763', 'TARTAGAL', '133', 'VERA', 'RECONQUISTA'),
(144, 20, '764', 'VILLA ANA', '49', 'GENERAL OBLIGADO', 'RECONQUISTA'),
(145, 20, '765', 'VILLA GUILLERMINA', '49', 'GENERAL OBLIGADO', 'RECONQUISTA'),
(146, 20, '766', 'VILLA OCAMPO', '49', 'GENERAL OBLIGADO', 'RECONQUISTA'),
(147, 20, '767', 'EL ARAZA', '49', 'GENERAL OBLIGADO', 'RECONQUISTA'),
(148, 20, '768', 'LA SARITA', '49', 'GENERAL OBLIGADO', 'RECONQUISTA'),
(149, 20, '769', 'PUEBLO ANDINO', '56', 'IRIONDO', 'ROSARIO'),
(150, 20, '770', 'BUSTINZA', '56', 'IRIONDO', 'ROSARIO'),
(151, 20, '771', 'CAÑADA DE GOMEZ', '56', 'IRIONDO', 'ROSARIO'),
(152, 20, '772', 'CARRIZALES', '56', 'IRIONDO', 'ROSARIO'),
(153, 20, '773', 'CLASSON', '56', 'IRIONDO', 'ROSARIO'),
(154, 20, '774', 'CORREA', '56', 'IRIONDO', 'ROSARIO'),
(155, 20, '775', 'SALTO GRANDE', '56', 'IRIONDO', 'ROSARIO'),
(156, 20, '776', 'LUCIO V. LOPEZ', '56', 'IRIONDO', 'ROSARIO'),
(157, 20, '777', 'OLIVEROS', '56', 'IRIONDO', 'ROSARIO'),
(158, 20, '778', 'TOTORAS', '56', 'IRIONDO', 'ROSARIO'),
(159, 20, '779', 'SERODINO', '56', 'IRIONDO', 'ROSARIO'),
(160, 20, '780', 'VILLA ELOISA', '56', 'IRIONDO', 'ROSARIO'),
(161, 20, '782', 'ARROYO AGUIAR', '63', 'LA CAPITAL', 'SANTA FE'),
(162, 20, '783', 'CABAL', '63', 'LA CAPITAL', 'SANTA FE'),
(163, 20, '784', 'CANDIOTI', '63', 'LA CAPITAL', 'SANTA FE'),
(164, 20, '785', 'EMILIA', '63', 'LA CAPITAL', 'SANTA FE'),
(165, 20, '786', 'LAGUNA PAIVA', '63', 'LA CAPITAL', 'SANTA FE'),
(166, 20, '787', 'LLAMBI CAMPBELL', '63', 'LA CAPITAL', 'SANTA FE'),
(167, 20, '788', 'MONTE VERA', '63', 'LA CAPITAL', 'SANTA FE'),
(168, 20, '789', 'NELSON', '63', 'LA CAPITAL', 'SANTA FE'),
(169, 20, '790', 'RECREO', '63', 'LA CAPITAL', 'SANTA FE'),
(170, 20, '791', 'CAMPO ANDINO', '63', 'LA CAPITAL', 'SANTA FE'),
(171, 20, '792', 'SANTA FE', '63', 'LA CAPITAL', 'SANTA FE'),
(172, 20, '793', 'SANTO TOME', '63', 'LA CAPITAL', 'SANTA FE'),
(173, 20, '794', 'SAUCE VIEJO', '63', 'LA CAPITAL', 'SANTA FE'),
(174, 20, '795', 'ARROYO LEYES', '63', 'LA CAPITAL', 'SANTA FE'),
(175, 20, '796', 'SAN JOSE DEL RINCON', '63', 'LA CAPITAL', 'SANTA FE'),
(176, 20, '797', 'CAVOUR', '70', 'LAS COLONIAS', 'SANTA FE'),
(177, 20, '798', 'CULULU', '70', 'LAS COLONIAS', 'SANTA FE'),
(178, 20, '799', 'ELISA', '70', 'LAS COLONIAS', 'SANTA FE'),
(179, 20, '800', 'EMPALME SAN CARLOS', '70', 'LAS COLONIAS', 'SANTA FE'),
(180, 20, '801', 'ESPERANZA', '70', 'LAS COLONIAS', 'SANTA FE'),
(181, 20, '802', 'FELICIA', '70', 'LAS COLONIAS', 'SANTA FE'),
(182, 20, '803', 'FRANCK', '70', 'LAS COLONIAS', 'SANTA FE'),
(183, 20, '804', 'GRUTLY', '70', 'LAS COLONIAS', 'SANTA FE'),
(184, 20, '805', 'HIPATIA', '70', 'LAS COLONIAS', 'SANTA FE'),
(185, 20, '806', 'HUMBOLDT', '70', 'LAS COLONIAS', 'SANTA FE'),
(186, 20, '807', 'ITUZAINGO', '70', 'LAS COLONIAS', 'SANTA FE'),
(187, 20, '808', 'JACINTO L. ARAUZ', '70', 'LAS COLONIAS', 'SANTA FE'),
(188, 20, '809', 'LA PELADA', '70', 'LAS COLONIAS', 'SANTA FE'),
(189, 20, '810', 'LAS TUNAS', '70', 'LAS COLONIAS', 'SANTA FE'),
(190, 20, '811', 'MARIA LUISA', '70', 'LAS COLONIAS', 'SANTA FE'),
(191, 20, '812', 'MATILDE', '70', 'LAS COLONIAS', 'SANTA FE'),
(192, 20, '813', 'NUEVO TORINO', '70', 'LAS COLONIAS', 'SANTA FE'),
(193, 20, '814', 'PILAR', '70', 'LAS COLONIAS', 'SANTA FE'),
(194, 20, '815', 'PROGRESO', '70', 'LAS COLONIAS', 'SANTA FE'),
(195, 20, '816', 'PROVIDENCIA', '70', 'LAS COLONIAS', 'SANTA FE'),
(196, 20, '817', 'PUJATO NORTE', '70', 'LAS COLONIAS', 'SANTA FE'),
(197, 20, '818', 'RIVADAVIA', '70', 'LAS COLONIAS', 'SANTA FE'),
(198, 20, '819', 'SA PEREYRA', '70', 'LAS COLONIAS', 'SANTA FE'),
(199, 20, '820', 'SAN AGUSTIN', '70', 'LAS COLONIAS', 'SANTA FE'),
(200, 20, '821', 'SAN CARLOS CENTRO', '70', 'LAS COLONIAS', 'SANTA FE'),
(201, 20, '822', 'SAN CARLOS NORTE', '70', 'LAS COLONIAS', 'SANTA FE'),
(202, 20, '823', 'SAN CARLOS SUD', '70', 'LAS COLONIAS', 'SANTA FE'),
(203, 20, '824', 'SAN JERONIMO DEL SAUCE', '70', 'LAS COLONIAS', 'SANTA FE'),
(204, 20, '825', 'SAN JERONIMO NORTE', '70', 'LAS COLONIAS', 'SANTA FE'),
(205, 20, '826', 'SAN JOSE', '70', 'LAS COLONIAS', 'SANTA FE'),
(206, 20, '827', 'SAN MARIANO', '70', 'LAS COLONIAS', 'SANTA FE'),
(207, 20, '828', 'SANTA CLARA DE BUENA VISTA', '70', 'LAS COLONIAS', 'SANTA FE'),
(208, 20, '829', 'SANTA MARIA CENTRO', '70', 'LAS COLONIAS', 'SANTA FE'),
(209, 20, '830', 'SANTA MARIA NORTE', '70', 'LAS COLONIAS', 'SANTA FE'),
(210, 20, '831', 'SANTO DOMINGO', '70', 'LAS COLONIAS', 'SANTA FE'),
(211, 20, '832', 'SARMIENTO', '70', 'LAS COLONIAS', 'SANTA FE'),
(212, 20, '833', 'SOUTOMAYOR', '70', 'LAS COLONIAS', 'SANTA FE'),
(213, 20, '834', 'SAN BERNARDO', '77', '9 DE JULIO', 'RAFAELA'),
(214, 20, '835', 'ESTEBAN RAMS', '77', '9 DE JULIO', 'RAFAELA'),
(215, 20, '836', 'JUAN DE GARAY', '77', '9 DE JULIO', 'RAFAELA'),
(216, 20, '837', 'LOGRONO', '77', '9 DE JULIO', 'RAFAELA'),
(217, 20, '838', 'GREGORIA PEREZ DE DENIS', '77', '9 DE JULIO', 'RAFAELA'),
(218, 20, '839', 'MONTEFIORE', '77', '9 DE JULIO', 'RAFAELA'),
(219, 20, '840', 'VILLA MINETTI', '77', '9 DE JULIO', 'RAFAELA'),
(220, 20, '841', 'POZO BORRADO', '77', '9 DE JULIO', 'RAFAELA'),
(221, 20, '842', 'SANTA MARGARITA', '77', '9 DE JULIO', 'RAFAELA'),
(222, 20, '843', 'GATO COLORADO', '77', '9 DE JULIO', 'RAFAELA'),
(223, 20, '844', 'TOSTADO', '77', '9 DE JULIO', 'RAFAELA'),
(224, 20, '846', 'ACEBAL', '84', 'ROSARIO', 'ROSARIO'),
(225, 20, '847', 'ALBARELLOS', '84', 'ROSARIO', 'ROSARIO'),
(226, 20, '848', 'ALVAREZ', '84', 'ROSARIO', 'ROSARIO'),
(227, 20, '849', 'ALVEAR', '84', 'ROSARIO', 'ROSARIO'),
(228, 20, '850', 'ARMINDA', '84', 'ROSARIO', 'ROSARIO'),
(229, 20, '851', 'ARROYO SECO', '84', 'ROSARIO', 'ROSARIO'),
(230, 20, '852', 'CARMEN DEL SAUCE', '84', 'ROSARIO', 'ROSARIO'),
(231, 20, '853', 'CORONEL RODOLFO DOMINGUEZ', '84', 'ROSARIO', 'ROSARIO'),
(232, 20, '854', 'FIGHIERA', '84', 'ROSARIO', 'ROSARIO'),
(233, 20, '855', 'FUNES', '84', 'ROSARIO', 'ROSARIO'),
(234, 20, '856', 'GRANADERO BAIGORRIA', '84', 'ROSARIO', 'ROSARIO'),
(235, 20, '857', 'IBARLUCEA', '84', 'ROSARIO', 'ROSARIO'),
(236, 20, '858', 'PEREZ', '84', 'ROSARIO', 'ROSARIO'),
(237, 20, '859', 'PINERO', '84', 'ROSARIO', 'ROSARIO'),
(238, 20, '860', 'PUEBLO ESTHER', '84', 'ROSARIO', 'ROSARIO'),
(239, 20, '861', 'PUEBLO MUNOZ', '84', 'ROSARIO', 'ROSARIO'),
(240, 20, '862', 'CORONEL BOGADO', '84', 'ROSARIO', 'ROSARIO'),
(241, 20, '863', 'ROSARIO', '84', 'ROSARIO', 'ROSARIO'),
(242, 20, '865', 'SOLDINI', '84', 'ROSARIO', 'ROSARIO'),
(243, 20, '866', 'URANGA', '84', 'ROSARIO', 'ROSARIO'),
(244, 20, '867', 'VILLA AMELIA', '84', 'ROSARIO', 'ROSARIO'),
(245, 20, '868', 'VILLA GOBERNADOR GALVEZ', '84', 'ROSARIO', 'ROSARIO'),
(246, 20, '869', 'ZAVALLA', '84', 'ROSARIO', 'ROSARIO'),
(247, 20, '870', 'GENERAL LAGOS', '84', 'ROSARIO', 'ROSARIO'),
(248, 20, '871', 'AGUARA GRANDE', '91', 'SAN CRISTOBAL', 'RAFAELA'),
(249, 20, '872', 'AMBROSETTI', '91', 'SAN CRISTOBAL', 'RAFAELA'),
(250, 20, '873', 'ARRUFO', '91', 'SAN CRISTOBAL', 'RAFAELA'),
(251, 20, '874', 'CAPIVARA', '91', 'SAN CRISTOBAL', 'RAFAELA'),
(252, 20, '875', 'CERES', '91', 'SAN CRISTOBAL', 'RAFAELA'),
(253, 20, '876', 'COLONIA ANA', '91', 'SAN CRISTOBAL', 'RAFAELA'),
(254, 20, '877', 'COLONIA BOSSI', '91', 'SAN CRISTOBAL', 'RAFAELA'),
(255, 20, '878', 'COLONIA CLARA', '91', 'SAN CRISTOBAL', 'RAFAELA'),
(256, 20, '879', 'COLONIA ROSA', '91', 'SAN CRISTOBAL', 'RAFAELA'),
(257, 20, '880', 'CONSTANZA', '91', 'SAN CRISTOBAL', 'RAFAELA'),
(258, 20, '881', 'CURUPAYTI', '91', 'SAN CRISTOBAL', 'RAFAELA'),
(259, 20, '882', 'DOS ROSAS Y LA LEGUA', '91', 'SAN CRISTOBAL', 'RAFAELA'),
(260, 20, '883', 'HERSILIA', '91', 'SAN CRISTOBAL', 'RAFAELA'),
(261, 20, '884', 'HUANQUEROS', '91', 'SAN CRISTOBAL', 'RAFAELA'),
(262, 20, '885', 'LA LUCILA', '91', 'SAN CRISTOBAL', 'RAFAELA'),
(263, 20, '886', 'LA RUBIA', '91', 'SAN CRISTOBAL', 'RAFAELA'),
(264, 20, '887', 'LAS AVISPAS', '91', 'SAN CRISTOBAL', 'RAFAELA'),
(265, 20, '888', 'LAS PALMERAS', '91', 'SAN CRISTOBAL', 'RAFAELA'),
(266, 20, '889', 'MOISES VILLE', '91', 'SAN CRISTOBAL', 'RAFAELA'),
(267, 20, '890', 'MONIGOTES', '91', 'SAN CRISTOBAL', 'RAFAELA'),
(268, 20, '891', 'MONTE OSCURIDAD', '91', 'SAN CRISTOBAL', 'RAFAELA'),
(269, 20, '892', 'NANDUCITA', '91', 'SAN CRISTOBAL', 'RAFAELA'),
(270, 20, '893', 'PALACIOS', '91', 'SAN CRISTOBAL', 'RAFAELA'),
(271, 20, '894', 'PORTUGALETE', '91', 'SAN CRISTOBAL', 'RAFAELA'),
(272, 20, '895', 'SAN CRISTOBAL', '91', 'SAN CRISTOBAL', 'RAFAELA'),
(273, 20, '896', 'SAN GUILLERMO', '91', 'SAN CRISTOBAL', 'RAFAELA'),
(274, 20, '897', 'SANTURCE', '91', 'SAN CRISTOBAL', 'RAFAELA'),
(275, 20, '898', 'SOLEDAD', '91', 'SAN CRISTOBAL', 'RAFAELA'),
(276, 20, '899', 'SUARDI', '91', 'SAN CRISTOBAL', 'RAFAELA'),
(277, 20, '900', 'VILLA SARALEGUI', '91', 'SAN CRISTOBAL', 'RAFAELA'),
(278, 20, '901', 'VILLA TRINIDAD', '91', 'SAN CRISTOBAL', 'RAFAELA'),
(279, 20, '902', 'LA CABRAL', '91', 'SAN CRISTOBAL', 'RAFAELA'),
(280, 20, '903', 'ALEJANDRA', '98', 'SAN JAVIER', 'RECONQUISTA'),
(281, 20, '904', 'CACIQUE ARIACAIQUIN', '98', 'SAN JAVIER', 'SANTA FE'),
(282, 20, '905', 'ROMANG', '98', 'SAN JAVIER', 'RECONQUISTA'),
(283, 20, '906', 'COLONIA DURAN', '98', 'SAN JAVIER', 'RECONQUISTA'),
(284, 20, '907', 'SAN JAVIER', '98', 'SAN JAVIER', 'SANTA FE'),
(285, 20, '908', 'LA BRAVA', '98', 'SAN JAVIER', 'SANTA FE'),
(286, 20, '909', 'COLONIA TERESA', '98', 'SAN JAVIER', 'SANTA FE'),
(287, 20, '910', 'AROCENA', '105', 'SAN GERONIMO', 'SANTA FE'),
(288, 20, '911', 'BARRANCAS', '105', 'SAN GERONIMO', 'SANTA FE'),
(289, 20, '912', 'BERNARDO DE IRIGOYEN', '105', 'SAN GERONIMO', 'SANTA FE'),
(290, 20, '913', 'CAMPO PIAGGIO', '105', 'SAN GERONIMO', 'SANTA FE'),
(291, 20, '914', 'CASALEGNO', '105', 'SAN GERONIMO', 'SANTA FE'),
(292, 20, '915', 'CENTENO', '105', 'SAN GERONIMO', 'ROSARIO'),
(293, 20, '916', 'CORONDA', '105', 'SAN GERONIMO', 'SANTA FE'),
(294, 20, '917', 'DESVIO ARIJON', '105', 'SAN GERONIMO', 'SANTA FE'),
(295, 20, '918', 'DIAZ', '105', 'SAN GERONIMO', 'SANTA FE'),
(296, 20, '919', 'GABOTO', '105', 'SAN GERONIMO', 'SANTA FE'),
(297, 20, '920', 'GALVEZ', '105', 'SAN GERONIMO', 'SANTA FE'),
(298, 20, '921', 'GESSLER', '105', 'SAN GERONIMO', 'SANTA FE'),
(299, 20, '922', 'IRIGOYEN', '105', 'SAN GERONIMO', 'SANTA FE'),
(300, 20, '923', 'LARRECHEA', '105', 'SAN GERONIMO', 'SANTA FE'),
(301, 20, '924', 'LOMA ALTA', '105', 'SAN GERONIMO', 'SANTA FE'),
(302, 20, '925', 'LOPEZ', '105', 'SAN GERONIMO', 'SANTA FE'),
(303, 20, '926', 'MACIEL', '105', 'SAN GERONIMO', 'SANTA FE'),
(304, 20, '927', 'SAN EUGENIO', '105', 'SAN GERONIMO', 'SANTA FE'),
(305, 20, '928', 'SAN FABIAN', '105', 'SAN GERONIMO', 'SANTA FE'),
(306, 20, '929', 'SAN GENARO', '105', 'SAN GERONIMO', 'ROSARIO'),
(307, 20, '931', 'MONJE', '105', 'SAN GERONIMO', 'SANTA FE'),
(308, 20, '933', 'ANGELONI', '112', 'SAN JUSTO', 'SANTA FE'),
(309, 20, '934', 'CAYASTACITO', '112', 'SAN JUSTO', 'SANTA FE'),
(310, 20, '935', 'ESTHER', '112', 'SAN JUSTO', 'SANTA FE'),
(311, 20, '936', 'GOBERNADOR CRESPO', '112', 'SAN JUSTO', 'SANTA FE'),
(312, 20, '937', 'LA CRIOLLA', '112', 'SAN JUSTO', 'SANTA FE'),
(313, 20, '938', 'LA PENCA Y CARAGUATA', '112', 'SAN JUSTO', 'SANTA FE'),
(314, 20, '939', 'MARCELINO ESCALADA', '112', 'SAN JUSTO', 'SANTA FE'),
(315, 20, '940', 'NARE', '112', 'SAN JUSTO', 'SANTA FE'),
(316, 20, '941', 'PEDRO GOMEZ CELLO', '112', 'SAN JUSTO', 'SANTA FE'),
(317, 20, '942', 'RAMAYON', '112', 'SAN JUSTO', 'SANTA FE'),
(318, 20, '943', 'SAN BERNARDO', '112', 'SAN JUSTO', 'SANTA FE'),
(319, 20, '944', 'SAN JUSTO', '112', 'SAN JUSTO', 'SANTA FE'),
(320, 20, '945', 'SAN MARTIN NORTE', '112', 'SAN JUSTO', 'SANTA FE'),
(321, 20, '946', 'VERA Y PINTADO', '112', 'SAN JUSTO', 'SANTA FE'),
(322, 20, '947', 'LA CAMILA', '112', 'SAN JUSTO', 'SANTA FE'),
(323, 20, '948', 'VIDELA', '112', 'SAN JUSTO', 'SANTA FE'),
(324, 20, '949', 'SILVA', '112', 'SAN JUSTO', 'SANTA FE'),
(325, 20, '950', 'COLONIA DOLORES', '112', 'SAN JUSTO', 'SANTA FE'),
(326, 20, '951', 'ALDAO', '119', 'SAN LORENZO', 'ROSARIO'),
(327, 20, '952', 'ROLDAN', '119', 'SAN LORENZO', 'ROSARIO'),
(328, 20, '953', 'CAPITAN BERMUDEZ', '119', 'SAN LORENZO', 'ROSARIO'),
(329, 20, '954', 'CARCARANA', '119', 'SAN LORENZO', 'ROSARIO'),
(330, 20, '955', 'CORONEL ARNOLD', '119', 'SAN LORENZO', 'ROSARIO'),
(331, 20, '956', 'FRAY LUIS BELTRAN', '119', 'SAN LORENZO', 'ROSARIO'),
(332, 20, '957', 'FUENTES', '119', 'SAN LORENZO', 'ROSARIO'),
(333, 20, '958', 'TIMBUES', '119', 'SAN LORENZO', 'ROSARIO'),
(334, 20, '959', 'LUIS PALACIOS', '119', 'SAN LORENZO', 'ROSARIO'),
(335, 20, '960', 'PUERTO GENERAL SAN MARTIN', '119', 'SAN LORENZO', 'ROSARIO'),
(336, 20, '961', 'PUJATO', '119', 'SAN LORENZO', 'ROSARIO'),
(337, 20, '962', 'RICARDONE', '119', 'SAN LORENZO', 'ROSARIO'),
(338, 20, '963', 'SAN JERONIMO SUD', '119', 'SAN LORENZO', 'ROSARIO'),
(339, 20, '964', 'SAN LORENZO', '119', 'SAN LORENZO', 'ROSARIO'),
(340, 20, '965', 'VILLA MUGUETA', '119', 'SAN LORENZO', 'ROSARIO'),
(341, 20, '967', 'CANADA ROSQUIN', '126', 'SAN MARTIN', 'ROSARIO'),
(342, 20, '968', 'CARLOS PELLEGRINI', '126', 'SAN MARTIN', 'ROSARIO'),
(343, 20, '969', 'CASAS', '126', 'SAN MARTIN', 'ROSARIO'),
(344, 20, '970', 'CASTELAR', '126', 'SAN MARTIN', 'RAFAELA'),
(345, 20, '971', 'COLONIA BELGRANO', '126', 'SAN MARTIN', 'ROSARIO'),
(346, 20, '972', 'CRISPI', '126', 'SAN MARTIN', 'RAFAELA'),
(347, 20, '973', 'EL TREBOL', '126', 'SAN MARTIN', 'ROSARIO'),
(348, 20, '974', 'LANDETA', '126', 'SAN MARTIN', 'ROSARIO'),
(349, 20, '975', 'LAS BANDURRIAS', '126', 'SAN MARTIN', 'ROSARIO'),
(350, 20, '976', 'LAS PETACAS', '126', 'SAN MARTIN', 'RAFAELA'),
(351, 20, '977', 'LOS CARDOS', '126', 'SAN MARTIN', 'ROSARIO'),
(352, 20, '978', 'MARIA SUSANA', '126', 'SAN MARTIN', 'ROSARIO'),
(353, 20, '979', 'PIAMONTE', '126', 'SAN MARTIN', 'ROSARIO'),
(354, 20, '980', 'SAN JORGE', '126', 'SAN MARTIN', 'RAFAELA'),
(355, 20, '981', 'SAN MARTIN DE LAS ESCOBAS', '126', 'SAN MARTIN', 'RAFAELA'),
(356, 20, '982', 'SASTRE', '126', 'SAN MARTIN', 'RAFAELA'),
(357, 20, '983', 'TRAILL', '126', 'SAN MARTIN', 'RAFAELA'),
(358, 20, '985', 'CALCHAQUI', '133', 'VERA', 'RECONQUISTA'),
(359, 20, '986', 'VERA', '133', 'VERA', 'RECONQUISTA'),
(360, 20, '987', 'TOBA', '133', 'VERA', 'RECONQUISTA'),
(361, 20, '988', 'FORTIN OLMOS', '133', 'VERA', 'RECONQUISTA'),
(362, 20, '989', 'MARGARITA', '133', 'VERA', 'RECONQUISTA'),
(363, 20, '990', 'LA GALLARETA', '133', 'VERA', 'RECONQUISTA');

-- --------------------------------------------------------

--
-- Estructura de tabla para la tabla `numerador`
--

CREATE TABLE IF NOT EXISTS `numerador` (
`id` int(11) NOT NULL,
  `numero_rendicion` varchar(255) COLLATE utf8_unicode_ci NOT NULL,
  `tipo_numerador` varchar(255) COLLATE utf8_unicode_ci NOT NULL,
  `created_at` datetime NOT NULL,
  `updated_at` datetime DEFAULT NULL,
  `fecha_baja` datetime DEFAULT NULL
) ENGINE=InnoDB AUTO_INCREMENT=3 DEFAULT CHARSET=utf8 COLLATE=utf8_unicode_ci;

--
-- Volcado de datos para la tabla `numerador`
--

INSERT INTO `numerador` (`id`, `numero_rendicion`, `tipo_numerador`, `created_at`, `updated_at`, `fecha_baja`) VALUES
(1, '1', 'rendicion', '2019-05-06 13:15:12', NULL, NULL),
(2, '1', 'liquidacion', '2019-05-06 13:15:19', NULL, NULL);

-- --------------------------------------------------------

--
-- Estructura de tabla para la tabla `persona`
--

CREATE TABLE IF NOT EXISTS `persona` (
`id` int(11) NOT NULL,
  `localidad_id` int(11) DEFAULT NULL,
  `tipo_documento_id` int(11) DEFAULT NULL,
  `provincia_id` int(11) DEFAULT NULL,
  `nombre` varchar(60) COLLATE utf8_unicode_ci NOT NULL,
  `apellido` varchar(60) COLLATE utf8_unicode_ci NOT NULL,
  `fecha_nacimiento` date NOT NULL,
  `domicilio_calle` varchar(60) COLLATE utf8_unicode_ci DEFAULT NULL,
  `domicilio_numero` int(11) DEFAULT NULL,
  `localidad_otra_provincia` varchar(255) COLLATE utf8_unicode_ci DEFAULT NULL,
  `numero_documento` varchar(9) COLLATE utf8_unicode_ci NOT NULL,
  `sexo` varchar(1) COLLATE utf8_unicode_ci NOT NULL,
  `jubilado` tinyint(1) NOT NULL,
  `telefono` varchar(15) COLLATE utf8_unicode_ci DEFAULT NULL,
  `email` varchar(50) COLLATE utf8_unicode_ci NOT NULL,
  `created_at` datetime DEFAULT NULL COMMENT 'Tabla persona'
) ENGINE=InnoDB AUTO_INCREMENT=6 DEFAULT CHARSET=utf8 COLLATE=utf8_unicode_ci;

--
-- Volcado de datos para la tabla `persona`
--

INSERT INTO `persona` (`id`, `localidad_id`, `tipo_documento_id`, `provincia_id`, `nombre`, `apellido`, `fecha_nacimiento`, `domicilio_calle`, `domicilio_numero`, `localidad_otra_provincia`, `numero_documento`, `sexo`, `jubilado`, `telefono`, `email`, `created_at`) VALUES
(1, NULL, 1, 1, 'Andres', 'Brusutti', '1986-02-15', 'Ruta 1 km 11 calle 9 mzna 8 lote 14', 9, 'Lomas', '32186010', 'm', 0, '3425334902', 'andresbrusutti@gmail.com', NULL),
(2, 161, 1, 20, 'Pedro', 'Gomez', '1980-01-15', 'Suipacha', 3430, NULL, '32186011', 'm', 0, '3425334902', 'gomez@gmail.com', NULL),
(3, NULL, 1, 2, 'Erica', 'Catena', '1982-08-25', 'Suipacha', 3430, 'la matanza', '32186015', 'f', 0, '155333666', 'erica@hotmail.com', '2019-05-03 13:06:37'),
(4, 287, 1, 20, 'test', 'test', '1986-02-15', 'saavedra', 1660, NULL, '32186016', 'm', 0, '11111', 'test@hotmail.com', '2019-05-03 13:14:32'),
(5, NULL, 1, 17, 'Ricardo', 'Retardo', '1958-10-12', '9 de julio', 2017, 'San Juan', '33222111', 'm', 0, '0352112233', 'sonia_lavandaio@hotmaila.com', '2020-02-13 12:01:26');

-- --------------------------------------------------------

--
-- Estructura de tabla para la tabla `provincia`
--

CREATE TABLE IF NOT EXISTS `provincia` (
`id` int(11) NOT NULL,
  `nombre` varchar(255) COLLATE utf8_unicode_ci NOT NULL
) ENGINE=InnoDB AUTO_INCREMENT=24 DEFAULT CHARSET=utf8 COLLATE=utf8_unicode_ci;

--
-- Volcado de datos para la tabla `provincia`
--

INSERT INTO `provincia` (`id`, `nombre`) VALUES
(1, 'Buenos Aires'),
(2, 'Catamarca'),
(3, 'Chaco'),
(4, 'Chubut'),
(5, 'Córdoba'),
(6, 'Corrientes'),
(7, 'Entre Ríos'),
(8, 'Formosa'),
(9, 'Jujuy'),
(10, 'La Pampa'),
(11, 'La Rioja'),
(12, 'Mendoza'),
(13, 'Misiones'),
(14, 'Neuquén'),
(15, 'Río Negro'),
(16, 'Salta'),
(17, 'San Juan'),
(18, 'San Luis'),
(19, 'Santa Cruz'),
(20, 'Santa Fe'),
(21, 'Santiago del Estero'),
(22, 'Tierra del Fuego'),
(23, 'Tucumán');

-- --------------------------------------------------------

--
-- Estructura de tabla para la tabla `rendicion`
--

CREATE TABLE IF NOT EXISTS `rendicion` (
`id` int(11) NOT NULL,
  `liquidacion_id` int(11) DEFAULT NULL,
  `file_rendicion_liquidacion_id` int(11) DEFAULT NULL,
  `numero_rendicion` varchar(255) COLLATE utf8_unicode_ci DEFAULT NULL,
  `nis` varchar(255) COLLATE utf8_unicode_ci DEFAULT NULL,
  `fecha_cobro` date NOT NULL,
  `codigo_barra_cliente` varchar(255) COLLATE utf8_unicode_ci NOT NULL,
  `importe_cobrado` double NOT NULL,
  `created_at` datetime DEFAULT NULL COMMENT 'Tabla liquidacion',
  `updated_at` datetime DEFAULT NULL,
  `fecha_baja` datetime DEFAULT NULL
) ENGINE=InnoDB AUTO_INCREMENT=21 DEFAULT CHARSET=utf8 COLLATE=utf8_unicode_ci;

--
-- Volcado de datos para la tabla `rendicion`
--

INSERT INTO `rendicion` (`id`, `liquidacion_id`, `file_rendicion_liquidacion_id`, `numero_rendicion`, `nis`, `fecha_cobro`, `codigo_barra_cliente`, `importe_cobrado`, `created_at`, `updated_at`, `fecha_baja`) VALUES
(1, NULL, 1, NULL, 'Y0000', '2018-10-16', '15964A0000400000001000000000300000000100000000011', 302.5, '2019-05-16 14:01:33', NULL, NULL),
(2, NULL, 1, NULL, 'P0012', '2018-10-16', '15964A000030000000700000000100000000200000000022', 199, '2019-05-16 14:01:33', NULL, NULL),
(3, NULL, 1, NULL, 'B0034', '2018-10-16', '15964A0000400000001000000000300000000300000000033', 158.5, '2019-05-16 14:01:33', NULL, NULL),
(4, NULL, 1, NULL, 'B0928', '2018-10-16', '15964A000030000000700000000100000000400000000044', 263, '2019-05-16 14:01:33', NULL, NULL),
(5, NULL, 1, NULL, 'R0302', '2018-10-10', '15964A0000400000001000000000300000000500000000055', 1309.5, '2019-05-16 14:01:33', NULL, NULL),
(6, NULL, 1, NULL, 'B0063', '2018-10-16', '15964A0000400000001000000000300000000600000000066', 112.5, '2019-05-16 14:01:33', NULL, NULL),
(7, NULL, 1, NULL, 'T0005', '2018-10-16', '15964A000050000000800000000200000000700000000077', 496, '2019-05-16 14:01:33', NULL, NULL),
(8, NULL, 1, NULL, 'B0200', '2018-10-16', '15964A000040000000500000000300000000800000000088', 250, '2019-05-16 14:01:33', NULL, NULL),
(9, NULL, 1, NULL, 'S0300', '2018-10-17', '15964A000030000000200000000100000000900000000099', 24.5, '2019-05-16 14:01:33', NULL, NULL),
(10, NULL, 1, NULL, 'S0300', '2018-10-17', '15964A000020000000900000000400000001000000000103', 217.5, '2019-05-16 14:01:33', NULL, NULL),
(11, NULL, 1, NULL, 'S0300', '2018-10-17', '15964A000030000000200000000100000001100000000114', 60, '2019-05-16 14:01:33', NULL, NULL),
(12, NULL, 1, NULL, 'S0300', '2018-10-17', '15964A000050000000800000000200000001200000000125', 1422, '2019-05-16 14:01:33', NULL, NULL),
(13, NULL, 1, NULL, 'S0300', '2018-10-17', '15964A000050000000800000000200000001300000000136', 95, '2019-05-16 14:01:33', NULL, NULL),
(14, NULL, 1, NULL, 'S0300', '2018-10-17', '15964A000030000000200000000100000001400000000147', 47, '2019-05-16 14:01:33', NULL, NULL),
(15, NULL, 1, NULL, 'S0300', '2018-10-17', '15964A000050000000800000000200000001500000000169', 225, '2019-05-16 14:01:33', NULL, NULL),
(16, NULL, 1, NULL, 'S0300', '2018-10-17', '15964A0000500000008000000002000000016000000001710', 180, '2019-05-16 14:01:33', NULL, NULL),
(17, NULL, 1, NULL, 'S0300', '2018-10-17', '15964A000050000000800000000200000001700000000181', 378, '2019-05-16 14:01:33', NULL, NULL),
(18, NULL, 1, NULL, 'S0300', '2018-10-17', '15964A000030000000200000000100000001800000000192', 62, '2019-05-16 14:01:33', NULL, NULL),
(19, NULL, 1, NULL, 'S0300', '2018-10-17', '15964A000030000000200000000100000001900000000206', 151.5, '2019-05-16 14:01:33', NULL, NULL),
(20, NULL, 1, NULL, 'S0300', '2018-10-17', '15964A0000400000001000000000300000000100000000011', 196, '2019-05-16 14:01:33', NULL, NULL);

-- --------------------------------------------------------

--
-- Estructura de tabla para la tabla `tipo_documento`
--

CREATE TABLE IF NOT EXISTS `tipo_documento` (
`id` int(11) NOT NULL,
  `tipo` varchar(100) COLLATE utf8_unicode_ci NOT NULL,
  `fecha_baja` datetime DEFAULT NULL
) ENGINE=InnoDB AUTO_INCREMENT=6 DEFAULT CHARSET=utf8 COLLATE=utf8_unicode_ci;

--
-- Volcado de datos para la tabla `tipo_documento`
--

INSERT INTO `tipo_documento` (`id`, `tipo`, `fecha_baja`) VALUES
(1, 'DNI', NULL),
(2, 'L.E', NULL),
(3, 'L.C', NULL),
(4, 'Otros', NULL),
(5, 'asdasds', '2019-02-05 00:00:00');

-- --------------------------------------------------------

--
-- Estructura de tabla para la tabla `tipo_licencia`
--

CREATE TABLE IF NOT EXISTS `tipo_licencia` (
`id` int(11) NOT NULL,
  `descripcion` varchar(255) COLLATE utf8_unicode_ci NOT NULL,
  `genero_jubilado` varchar(1) COLLATE utf8_unicode_ci DEFAULT NULL,
  `cliente_sap` varchar(255) COLLATE utf8_unicode_ci NOT NULL,
  `letra_servicio` varchar(255) COLLATE utf8_unicode_ci NOT NULL,
  `arancel` double DEFAULT NULL,
  `porcentaje_recargo_primer_vencimiento` double DEFAULT NULL,
  `porcentaje_recargo_segundo_vencimiento` double DEFAULT NULL,
  `dias_vigencia` int(11) DEFAULT NULL,
  `dias_primer_vencimiento` int(11) DEFAULT NULL,
  `dias_segundo_vencimiento` int(11) DEFAULT NULL,
  `fecha_tope` datetime NOT NULL,
  `is_active` tinyint(1) NOT NULL,
  `aplica_provincia` varchar(255) COLLATE utf8_unicode_ci DEFAULT NULL
) ENGINE=InnoDB AUTO_INCREMENT=9 DEFAULT CHARSET=utf8 COLLATE=utf8_unicode_ci;

--
-- Volcado de datos para la tabla `tipo_licencia`
--

INSERT INTO `tipo_licencia` (`id`, `descripcion`, `genero_jubilado`, `cliente_sap`, `letra_servicio`, `arancel`, `porcentaje_recargo_primer_vencimiento`, `porcentaje_recargo_segundo_vencimiento`, `dias_vigencia`, `dias_primer_vencimiento`, `dias_segundo_vencimiento`, `fecha_tope`, `is_active`, `aplica_provincia`) VALUES
(1, 'Caza Deportiva Particular', NULL, '15964', 'A', 300, 0, 0, 365, 0, 0, '2019-12-31 10:43:30', 1, 'SF'),
(2, 'Pesca Deportiva Particular', NULL, '15964', 'A', 500, 0, 0, 365, 0, 0, '2019-12-31 10:43:30', 1, 'SF'),
(3, 'Caza Deportiva Turista Nacional', NULL, '15964', 'A', 400, 0, 0, 7, 0, 0, '2020-06-30 00:00:00', 1, 'T'),
(4, 'Pesca Deportiva Turista Nacional', NULL, '15964', 'A', 200, 0, 0, 7, 0, 0, '2020-12-31 00:00:00', 1, 'T'),
(6, 'Pesca Deportiva Dama', 'f', '15964', 'A', 0, 0, 0, 365, 0, 0, '2019-12-31 10:43:30', 0, 'SF'),
(8, 'Pesca Deportiva Jubilado', 'j', '15964', 'A', 0, 0, 0, 365, 0, 0, '2019-12-31 00:00:00', 1, 'SF');

-- --------------------------------------------------------

--
-- Estructura de tabla para la tabla `usuario`
--

CREATE TABLE IF NOT EXISTS `usuario` (
`id` int(11) NOT NULL,
  `username` varchar(180) COLLATE utf8_unicode_ci NOT NULL,
  `username_canonical` varchar(180) COLLATE utf8_unicode_ci NOT NULL,
  `email` varchar(180) COLLATE utf8_unicode_ci NOT NULL,
  `email_canonical` varchar(180) COLLATE utf8_unicode_ci NOT NULL,
  `enabled` tinyint(1) NOT NULL,
  `salt` varchar(255) COLLATE utf8_unicode_ci DEFAULT NULL,
  `password` varchar(255) COLLATE utf8_unicode_ci NOT NULL,
  `last_login` datetime DEFAULT NULL,
  `confirmation_token` varchar(180) COLLATE utf8_unicode_ci DEFAULT NULL,
  `password_requested_at` datetime DEFAULT NULL,
  `roles` longtext COLLATE utf8_unicode_ci NOT NULL COMMENT '(DC2Type:array)',
  `nombre` varchar(50) COLLATE utf8_unicode_ci DEFAULT NULL,
  `apellido` varchar(50) COLLATE utf8_unicode_ci DEFAULT NULL,
  `dni` varchar(9) COLLATE utf8_unicode_ci DEFAULT NULL,
  `telefono` varchar(50) COLLATE utf8_unicode_ci DEFAULT NULL,
  `discr` varchar(255) COLLATE utf8_unicode_ci NOT NULL,
  `especialidad` varchar(100) COLLATE utf8_unicode_ci DEFAULT NULL,
  `cargo` varchar(100) COLLATE utf8_unicode_ci DEFAULT NULL
) ENGINE=InnoDB AUTO_INCREMENT=17 DEFAULT CHARSET=utf8 COLLATE=utf8_unicode_ci;

--
-- Volcado de datos para la tabla `usuario`
--

INSERT INTO `usuario` (`id`, `username`, `username_canonical`, `email`, `email_canonical`, `enabled`, `salt`, `password`, `last_login`, `confirmation_token`, `password_requested_at`, `roles`, `nombre`, `apellido`, `dni`, `telefono`, `discr`, `especialidad`, `cargo`) VALUES
(1, 'andresbrusutti@gmail.com', 'andresbrusutti@gmail.com', 'andresbrusutti@gmail.com', 'andresbrusutti@gmail.com', 1, NULL, '$2y$13$m2zVHFh5lv1t6YJm87oCAudrcpbox6HvQkSUPScHUfegeof0OtkAe', '2020-02-20 07:13:37', NULL, NULL, 'a:1:{i:0;s:16:"ROLE_SUPER_ADMIN";}', 'Andres', 'Brusutti', '32186010', '155334902', 'usuario', NULL, NULL),
(12, 'admin', 'admin', 'admin@licenciacyp.com', 'admin@licenciacyp.com', 1, NULL, '$2y$13$77RpJvQOy2Ow8MtFTrKAv.j4Mf6.qgjhvNxur2yKnFddcE9jKoTy2', NULL, NULL, NULL, 'a:1:{i:0;s:16:"ROLE_SUPER_ADMIN";}', 'Super Admin', 'Super Admin', NULL, NULL, 'usuario', NULL, NULL),
(13, 'sonial', 'sonial', 'sonial@santafe.gov.ar', 'sonial@santafe.gov.ar', 1, NULL, '$2y$13$fs.w/yhTHtSuxjSL8mKtBOqzhe2LmGfclaQGRg2IDmxuMwadLtCba', '2020-02-20 09:09:11', NULL, NULL, 'a:1:{i:0;s:16:"ROLE_SUPER_ADMIN";}', 'Sonia', 'Lavandaio', NULL, NULL, 'usuario', NULL, NULL),
(14, 'abrusut', 'abrusut', 'abrusutti@santafe.gov.ar', 'abrusutti@santafe.gov.ar', 1, NULL, '$2y$13$97wscNKUU2myDH1ZCRpAp.IqFI44y7lO5Y9B.McDAh.EieADZ6J8i', '2020-02-20 09:10:33', NULL, NULL, 'a:1:{i:0;s:16:"ROLE_SUPER_ADMIN";}', 'Andres', 'Brusutti', NULL, NULL, 'usuario', NULL, NULL),
(15, 'adminlicencia', 'adminlicencia', 'adminlicencia@licenciacyp.com', 'adminlicencia@licenciacyp.com', 1, NULL, '$2y$13$hVNYuldRTLO2yS/wZgKop.exObvDvaoqChtF7Rxmh84G302lu6DUC', '2020-02-20 09:10:51', NULL, NULL, 'a:1:{i:0;s:10:"ROLE_ADMIN";}', 'Admin Licencia CyP', 'Admin Admin Licencia CyP', NULL, NULL, 'usuario', NULL, NULL),
(16, 'licenciauser', 'licenciauser', 'licenciauser@licenciacyp.com', 'licenciauser@licenciacyp.com', 1, NULL, '$2y$13$00HpOt59OGxRv6VkedfCZObA8FkhjYbHhc.DnRLIp.Agm64DMi97i', NULL, NULL, NULL, 'a:0:{}', 'licenciauser', 'licenciauser', NULL, NULL, 'usuario', NULL, NULL);

--
-- Índices para tablas volcadas
--

--
-- Indices de la tabla `atributo_configuracion`
--
ALTER TABLE `atributo_configuracion`
 ADD PRIMARY KEY (`id`);

--
-- Indices de la tabla `comprobante`
--
ALTER TABLE `comprobante`
 ADD PRIMARY KEY (`id`), ADD KEY `IDX_55DEEE82D8F0C543` (`file_rendicion_liquidacion_id`);

--
-- Indices de la tabla `file_rendicion_liquidacion`
--
ALTER TABLE `file_rendicion_liquidacion`
 ADD PRIMARY KEY (`id`);

--
-- Indices de la tabla `licencia`
--
ALTER TABLE `licencia`
 ADD PRIMARY KEY (`id`), ADD UNIQUE KEY `UNIQ_3C18920B25662B3A` (`comprobante_id`), ADD KEY `IDX_3C18920BF2B74DB` (`tipo_licencia_id`), ADD KEY `IDX_3C18920BF5F88DB9` (`persona_id`);

--
-- Indices de la tabla `liquidacion`
--
ALTER TABLE `liquidacion`
 ADD PRIMARY KEY (`id`), ADD KEY `IDX_10305B39D8F0C543` (`file_rendicion_liquidacion_id`);

--
-- Indices de la tabla `localidad`
--
ALTER TABLE `localidad`
 ADD PRIMARY KEY (`id`), ADD KEY `IDX_4F68E0104E7121AF` (`provincia_id`);

--
-- Indices de la tabla `numerador`
--
ALTER TABLE `numerador`
 ADD PRIMARY KEY (`id`);

--
-- Indices de la tabla `persona`
--
ALTER TABLE `persona`
 ADD PRIMARY KEY (`id`), ADD KEY `IDX_51E5B69B67707C89` (`localidad_id`), ADD KEY `IDX_51E5B69BF6939175` (`tipo_documento_id`), ADD KEY `IDX_51E5B69B4E7121AF` (`provincia_id`);

--
-- Indices de la tabla `provincia`
--
ALTER TABLE `provincia`
 ADD PRIMARY KEY (`id`);

--
-- Indices de la tabla `rendicion`
--
ALTER TABLE `rendicion`
 ADD PRIMARY KEY (`id`), ADD KEY `IDX_5A63AD9F326DAF0C` (`liquidacion_id`), ADD KEY `IDX_5A63AD9FD8F0C543` (`file_rendicion_liquidacion_id`);

--
-- Indices de la tabla `tipo_documento`
--
ALTER TABLE `tipo_documento`
 ADD PRIMARY KEY (`id`);

--
-- Indices de la tabla `tipo_licencia`
--
ALTER TABLE `tipo_licencia`
 ADD PRIMARY KEY (`id`);

--
-- Indices de la tabla `usuario`
--
ALTER TABLE `usuario`
 ADD PRIMARY KEY (`id`), ADD UNIQUE KEY `UNIQ_2265B05D92FC23A8` (`username_canonical`), ADD UNIQUE KEY `UNIQ_2265B05DA0D96FBF` (`email_canonical`), ADD UNIQUE KEY `UNIQ_2265B05D7F8F253B` (`dni`), ADD UNIQUE KEY `UNIQ_2265B05DC05FB297` (`confirmation_token`);

--
-- AUTO_INCREMENT de las tablas volcadas
--

--
-- AUTO_INCREMENT de la tabla `atributo_configuracion`
--
ALTER TABLE `atributo_configuracion`
MODIFY `id` int(11) NOT NULL AUTO_INCREMENT,AUTO_INCREMENT=3;
--
-- AUTO_INCREMENT de la tabla `comprobante`
--
ALTER TABLE `comprobante`
MODIFY `id` int(11) NOT NULL AUTO_INCREMENT,AUTO_INCREMENT=58;
--
-- AUTO_INCREMENT de la tabla `file_rendicion_liquidacion`
--
ALTER TABLE `file_rendicion_liquidacion`
MODIFY `id` int(11) NOT NULL AUTO_INCREMENT,AUTO_INCREMENT=2;
--
-- AUTO_INCREMENT de la tabla `licencia`
--
ALTER TABLE `licencia`
MODIFY `id` int(11) NOT NULL AUTO_INCREMENT,AUTO_INCREMENT=56;
--
-- AUTO_INCREMENT de la tabla `liquidacion`
--
ALTER TABLE `liquidacion`
MODIFY `id` int(11) NOT NULL AUTO_INCREMENT;
--
-- AUTO_INCREMENT de la tabla `localidad`
--
ALTER TABLE `localidad`
MODIFY `id` int(11) NOT NULL AUTO_INCREMENT,AUTO_INCREMENT=364;
--
-- AUTO_INCREMENT de la tabla `numerador`
--
ALTER TABLE `numerador`
MODIFY `id` int(11) NOT NULL AUTO_INCREMENT,AUTO_INCREMENT=3;
--
-- AUTO_INCREMENT de la tabla `persona`
--
ALTER TABLE `persona`
MODIFY `id` int(11) NOT NULL AUTO_INCREMENT,AUTO_INCREMENT=6;
--
-- AUTO_INCREMENT de la tabla `provincia`
--
ALTER TABLE `provincia`
MODIFY `id` int(11) NOT NULL AUTO_INCREMENT,AUTO_INCREMENT=24;
--
-- AUTO_INCREMENT de la tabla `rendicion`
--
ALTER TABLE `rendicion`
MODIFY `id` int(11) NOT NULL AUTO_INCREMENT,AUTO_INCREMENT=21;
--
-- AUTO_INCREMENT de la tabla `tipo_documento`
--
ALTER TABLE `tipo_documento`
MODIFY `id` int(11) NOT NULL AUTO_INCREMENT,AUTO_INCREMENT=6;
--
-- AUTO_INCREMENT de la tabla `tipo_licencia`
--
ALTER TABLE `tipo_licencia`
MODIFY `id` int(11) NOT NULL AUTO_INCREMENT,AUTO_INCREMENT=9;
--
-- AUTO_INCREMENT de la tabla `usuario`
--
ALTER TABLE `usuario`
MODIFY `id` int(11) NOT NULL AUTO_INCREMENT,AUTO_INCREMENT=17;
--
-- Restricciones para tablas volcadas
--

--
-- Filtros para la tabla `comprobante`
--
ALTER TABLE `comprobante`
ADD CONSTRAINT `FK_55DEEE82D8F0C543` FOREIGN KEY (`file_rendicion_liquidacion_id`) REFERENCES `file_rendicion_liquidacion` (`id`);

--
-- Filtros para la tabla `licencia`
--
ALTER TABLE `licencia`
ADD CONSTRAINT `FK_3C18920B25662B3A` FOREIGN KEY (`comprobante_id`) REFERENCES `comprobante` (`id`),
ADD CONSTRAINT `FK_3C18920BF2B74DB` FOREIGN KEY (`tipo_licencia_id`) REFERENCES `tipo_licencia` (`id`),
ADD CONSTRAINT `FK_3C18920BF5F88DB9` FOREIGN KEY (`persona_id`) REFERENCES `persona` (`id`);

--
-- Filtros para la tabla `liquidacion`
--
ALTER TABLE `liquidacion`
ADD CONSTRAINT `FK_10305B39D8F0C543` FOREIGN KEY (`file_rendicion_liquidacion_id`) REFERENCES `file_rendicion_liquidacion` (`id`);

--
-- Filtros para la tabla `localidad`
--
ALTER TABLE `localidad`
ADD CONSTRAINT `FK_4F68E0104E7121AF` FOREIGN KEY (`provincia_id`) REFERENCES `provincia` (`id`);

--
-- Filtros para la tabla `persona`
--
ALTER TABLE `persona`
ADD CONSTRAINT `FK_51E5B69B4E7121AF` FOREIGN KEY (`provincia_id`) REFERENCES `provincia` (`id`),
ADD CONSTRAINT `FK_51E5B69B67707C89` FOREIGN KEY (`localidad_id`) REFERENCES `localidad` (`id`),
ADD CONSTRAINT `FK_51E5B69BF6939175` FOREIGN KEY (`tipo_documento_id`) REFERENCES `tipo_documento` (`id`);

--
-- Filtros para la tabla `rendicion`
--
ALTER TABLE `rendicion`
ADD CONSTRAINT `FK_5A63AD9F326DAF0C` FOREIGN KEY (`liquidacion_id`) REFERENCES `liquidacion` (`id`),
ADD CONSTRAINT `FK_5A63AD9FD8F0C543` FOREIGN KEY (`file_rendicion_liquidacion_id`) REFERENCES `file_rendicion_liquidacion` (`id`);

/*!40101 SET CHARACTER_SET_CLIENT=@OLD_CHARACTER_SET_CLIENT */;
/*!40101 SET CHARACTER_SET_RESULTS=@OLD_CHARACTER_SET_RESULTS */;
/*!40101 SET COLLATION_CONNECTION=@OLD_COLLATION_CONNECTION */;
